,timestamp,task,array,rec,VAD_0,DOA_0,J,MUSIC_0,MUSIC_time,aMUSIC_0,aMUSIC_time,NormMUSIC_0,NormMUSIC_time,aNormMUSIC_0,aNormMUSIC_time,SRP_PHAT_0,SRP_PHAT_time
0,3.7125,3.0,dummy,1.0,1.0,99.05399842984161,1.0,100.0,0.008958816528320312,99.0,0.012475728988647461,99.0,0.008695840835571289,99.0,0.011400461196899414,96.00000000000001,0.031639814376831055
1,3.75,3.0,dummy,1.0,1.0,99.08782648052431,1.0,98.0,0.008809804916381836,100.0,0.010835647583007812,98.0,0.008705377578735352,99.0,0.010646820068359375,97.0,0.03180742263793945
2,3.7874999999999996,3.0,dummy,1.0,1.0,99.14109147037951,1.0,98.0,0.00819849967956543,37.0,0.01156759262084961,98.0,0.0076673030853271484,99.0,0.011444568634033203,98.0,0.03155994415283203
3,3.8249999999999997,3.0,dummy,1.0,1.0,99.18580968259718,1.0,-99.0,0.009014606475830078,99.0,0.010596990585327148,98.0,0.008871793746948242,98.0,0.011398553848266602,97.0,0.030634403228759766
4,3.8625,3.0,dummy,1.0,1.0,99.30456231741984,1.0,-33.0,0.008122920989990234,-29.000000000000004,0.011953592300415039,97.0,0.00851893424987793,-96.00000000000001,0.012367486953735352,-95.0,0.03264141082763672
5,3.9,3.0,dummy,1.0,1.0,99.40177943072901,1.0,-70.0,0.009004592895507812,-72.0,0.012433290481567383,-128.0,0.009420394897460938,-127.00000000000001,0.011693716049194336,-91.0,0.0316615104675293
6,3.9375,3.0,dummy,1.0,1.0,99.53655870390226,1.0,-94.0,0.008115768432617188,-88.0,0.01153111457824707,-93.0,0.008012056350708008,-90.0,0.011415481567382812,-92.0,0.03190183639526367
7,3.9749999999999996,3.0,dummy,1.0,1.0,99.65048403515362,1.0,-81.0,0.008900880813598633,83.0,0.010770797729492188,100.0,0.008735179901123047,-93.0,0.011236906051635742,59.99999999999999,0.03101968765258789
8,4.0125,3.0,dummy,1.0,1.0,99.7976855403651,1.0,76.0,0.008118867874145508,93.0,0.011393308639526367,99.0,0.007875680923461914,-95.0,0.011312484741210938,98.0,0.03152012825012207
9,4.05,3.0,dummy,1.0,1.0,99.92019860598577,1.0,101.0,0.008133172988891602,97.0,0.010843038558959961,100.0,0.008591175079345703,100.0,0.010682821273803711,98.0,0.03141164779663086
10,4.0874999999999995,3.0,dummy,1.0,1.0,100.08320233205657,1.0,-86.0,0.010254144668579102,-98.0,0.011579751968383789,99.0,0.008076190948486328,99.0,0.011469364166259766,97.0,0.031566619873046875
11,4.125,3.0,dummy,1.0,1.0,100.18842024544493,1.0,-94.0,0.008289813995361328,-157.0,0.011558294296264648,-94.0,0.008573293685913086,-95.0,0.010687828063964844,-95.0,0.03316330909729004
12,4.1625,3.0,dummy,1.0,1.0,100.42069188054194,1.0,-84.0,0.008915424346923828,-84.0,0.011730670928955078,98.0,0.007677555084228516,97.0,0.011651992797851562,97.0,0.03156471252441406
13,4.2,3.0,dummy,1.0,1.0,100.59472375810104,1.0,87.0,0.00817728042602539,89.0,0.011745452880859375,102.0,0.008426666259765625,101.0,0.01054692268371582,99.0,0.031807661056518555
14,4.2375,3.0,dummy,1.0,1.0,100.83721852688193,1.0,96.00000000000001,0.008749723434448242,102.0,0.011502265930175781,102.0,0.007814645767211914,102.0,0.011492490768432617,100.0,0.03130292892456055
15,4.2749999999999995,3.0,dummy,1.0,1.0,101.05292327620492,1.0,102.0,0.008153438568115234,108.0,0.011524438858032227,102.0,0.00875234603881836,102.0,0.01063394546508789,101.0,0.03153228759765625
16,4.3125,3.0,dummy,1.0,1.0,101.3502905727426,1.0,109.0,0.008980989456176758,114.00000000000001,0.011383533477783203,99.0,0.007837772369384766,99.0,0.011631250381469727,100.0,0.03135061264038086
17,4.35,3.0,dummy,1.0,1.0,101.60868050202254,1.0,100.0,0.00822901725769043,133.0,0.011511087417602539,100.0,0.00847315788269043,99.0,0.010639429092407227,99.0,0.03164958953857422
18,4.3875,3.0,dummy,1.0,1.0,101.881642895842,1.0,101.0,0.009065628051757812,65.0,0.011233091354370117,101.0,0.009348869323730469,100.0,0.011716365814208984,101.0,0.03152275085449219
19,4.425,3.0,dummy,1.0,1.0,102.16405706832614,1.0,99.0,0.00907588005065918,-169.0,0.010870933532714844,100.0,0.008736133575439453,101.0,0.011454582214355469,101.0,0.030615806579589844
20,4.4624999999999995,3.0,dummy,1.0,1.0,102.59176102329417,1.0,124.0,0.008190631866455078,14.999999999999998,0.011605262756347656,103.0,0.007929325103759766,104.0,0.011241912841796875,102.0,0.03281736373901367
21,4.5,3.0,dummy,1.0,1.0,102.8700147988619,1.0,109.0,0.00889897346496582,100.0,0.011693239212036133,100.0,0.007635831832885742,100.0,0.01147007942199707,101.0,0.03163886070251465
22,4.5375,3.0,dummy,1.0,1.0,103.19922618527346,1.0,125.00000000000001,0.008501768112182617,115.0,0.011591911315917969,98.0,0.008641242980957031,-1.0,0.010891199111938477,-141.0,0.03202247619628906
23,4.575,3.0,dummy,1.0,1.0,103.44216318699085,1.0,-144.0,0.008805274963378906,141.0,0.011265993118286133,-144.0,0.007698535919189453,-145.0,0.011397361755371094,-146.0,0.0319674015045166
24,4.6125,3.0,dummy,1.0,1.0,103.71735726820367,1.0,139.0,0.008855819702148438,-145.0,0.010864019393920898,102.0,0.008745908737182617,151.0,0.010583639144897461,151.0,0.03150486946105957
25,4.6499999999999995,3.0,dummy,1.0,1.0,103.91616657265068,1.0,102.0,0.008374691009521484,102.0,0.011532306671142578,103.0,0.00784921646118164,103.0,0.011372089385986328,104.0,0.03142976760864258
26,4.6875,3.0,dummy,1.0,1.0,104.14343190326308,1.0,105.00000000000001,0.008810281753540039,105.00000000000001,0.011262655258178711,105.00000000000001,0.007748126983642578,105.00000000000001,0.011460304260253906,103.0,0.03143930435180664
27,4.725,3.0,dummy,1.0,1.0,104.31321859588239,1.0,104.0,0.009804248809814453,103.0,0.011488914489746094,104.0,0.007837772369384766,103.0,0.011388778686523438,103.0,0.03157758712768555
28,4.7625,3.0,dummy,1.0,1.0,104.51624246328619,1.0,108.0,0.009098052978515625,109.0,0.011421918869018555,104.0,0.00783538818359375,105.00000000000001,0.01140594482421875,102.0,0.03147149085998535
29,4.8,3.0,dummy,1.0,1.0,104.67410551262833,1.0,108.0,0.009034872055053711,37.0,0.010955095291137695,105.00000000000001,0.008779287338256836,-90.0,0.010730743408203125,101.0,0.03076624870300293
30,4.8374999999999995,3.0,dummy,1.0,1.0,104.86732889252536,1.0,109.0,0.008147001266479492,108.0,0.01119685173034668,105.00000000000001,0.007768392562866211,-44.0,0.011313676834106445,102.0,0.03178119659423828
31,4.875,3.0,dummy,1.0,1.0,105.01862411293703,1.0,69.0,0.008243322372436523,112.0,0.011275768280029297,105.00000000000001,0.007906913757324219,105.00000000000001,0.011572837829589844,102.0,0.031418800354003906
32,4.9125,3.0,dummy,1.0,1.0,105.20244710002048,1.0,10.0,0.00902414321899414,109.0,0.010640621185302734,107.0,0.008459806442260742,107.0,0.01071929931640625,105.00000000000001,0.03151130676269531
33,4.95,3.0,dummy,1.0,1.0,105.34334003802691,1.0,-6.000000000000001,0.008884668350219727,139.0,0.011541604995727539,107.0,0.007747173309326172,106.0,0.01139688491821289,105.00000000000001,0.03149127960205078
34,4.9875,3.0,dummy,1.0,1.0,105.47630465937951,1.0,-14.999999999999998,0.008270740509033203,119.0,0.011485815048217773,107.0,0.009228944778442383,107.0,0.01082754135131836,105.00000000000001,0.03186750411987305
35,5.0249999999999995,3.0,dummy,1.0,1.0,105.6278652906363,1.0,-53.0,0.00896453857421875,108.0,0.011545181274414062,108.0,0.007606029510498047,109.0,0.011472463607788086,106.0,0.031543731689453125
36,5.0625,3.0,dummy,1.0,1.0,105.76087057797218,1.0,-55.0,0.008201122283935547,-58.00000000000001,0.01176762580871582,107.0,0.007727384567260742,178.0,0.011291265487670898,106.0,0.0315701961517334
37,5.1,3.0,dummy,1.0,1.0,105.85456962252728,1.0,-72.0,0.008916378021240234,-41.0,0.011219501495361328,-47.0,0.007894515991210938,-71.0,0.011523962020874023,-43.0,0.031673431396484375
38,5.1375,3.0,dummy,1.0,1.0,105.93907548477532,1.0,-13.0,0.008173227310180664,170.0,0.011296272277832031,-159.0,0.007680177688598633,-39.0,0.011499643325805664,-106.0,0.03181147575378418
39,5.175,3.0,dummy,1.0,1.0,106.03559648463963,1.0,22.0,0.009116411209106445,31.0,0.010882854461669922,107.0,0.008237838745117188,68.0,0.011389017105102539,-107.0,0.0306546688079834
40,5.2124999999999995,3.0,dummy,1.0,1.0,106.12631025774068,1.0,107.0,0.010374307632446289,111.0,0.01080465316772461,108.0,0.008683919906616211,110.0,0.011470794677734375,105.00000000000001,0.031058549880981445
41,5.25,3.0,dummy,1.0,1.0,106.19695008553305,1.0,108.0,0.008131742477416992,108.0,0.011419057846069336,107.0,0.008690357208251953,107.0,0.010541915893554688,106.0,0.03175783157348633
42,5.2875,3.0,dummy,1.0,1.0,106.28389325959255,1.0,132.0,0.008246183395385742,110.0,0.011493206024169922,108.0,0.007965087890625,110.0,0.01168680191040039,106.0,0.03170156478881836
43,5.325,3.0,dummy,1.0,1.0,106.35184556111473,1.0,-123.00000000000001,0.009020566940307617,-122.0,0.011536598205566406,107.0,0.0076410770416259766,107.0,0.011546850204467773,107.0,0.03162264823913574
44,5.3625,3.0,dummy,1.0,1.0,106.41697747895051,1.0,37.0,0.00911569595336914,22.0,0.011521339416503906,107.0,0.008858680725097656,107.0,0.01162862777709961,109.0,0.03151988983154297
45,5.3999999999999995,3.0,dummy,1.0,1.0,106.49134209298265,1.0,-70.0,0.008289575576782227,-143.0,0.012845754623413086,58.00000000000001,0.008768081665039062,62.0,0.010535955429077148,109.0,0.03167581558227539
46,5.4375,3.0,dummy,1.0,1.0,106.54214389011831,1.0,-65.0,0.008419990539550781,-154.0,0.011720895767211914,-65.0,0.008085012435913086,-66.0,0.011595964431762695,109.0,0.03177356719970703
47,5.475,3.0,dummy,1.0,1.0,106.59037907553203,1.0,-133.0,0.008957147598266602,167.0,0.011366605758666992,101.0,0.007977485656738281,102.0,0.011547565460205078,108.0,0.03143429756164551
48,5.5125,3.0,dummy,1.0,1.0,106.61767267626395,1.0,-144.0,0.008249998092651367,-146.0,0.011426925659179688,176.0,0.008704423904418945,178.0,0.010850191116333008,106.0,0.031957149505615234
49,5.55,3.0,dummy,1.0,1.0,106.62331627608866,1.0,152.0,0.008184194564819336,141.0,0.011409282684326172,150.0,0.008514881134033203,152.0,0.01057291030883789,-104.0,0.0317988395690918
50,5.5874999999999995,3.0,dummy,1.0,1.0,106.61204512569854,1.0,121.0,0.00900411605834961,117.0,0.011578083038330078,-144.0,0.007874727249145508,-59.00000000000001,0.011563777923583984,-162.0,0.03181052207946777
51,5.625,3.0,dummy,1.0,1.0,106.59209798802964,1.0,104.0,0.009105920791625977,-44.0,0.010603666305541992,-162.0,0.008547782897949219,167.0,0.011554718017578125,-63.0,0.03079676628112793
52,5.6625,3.0,dummy,1.0,1.0,106.56707883783612,1.0,-37.0,0.008188247680664062,96.00000000000001,0.011134147644042969,-59.99999999999999,0.0076901912689208984,-59.00000000000001,0.011535882949829102,-105.00000000000001,0.0317692756652832
53,5.7,3.0,dummy,1.0,1.0,106.5359852799968,1.0,111.0,0.00905156135559082,119.0,0.011072635650634766,109.0,0.008423328399658203,-110.0,0.011525392532348633,-106.0,0.031219959259033203
54,5.7375,3.0,dummy,1.0,1.0,106.51348333053055,1.0,99.0,0.009037256240844727,98.0,0.01078343391418457,-109.0,0.008510589599609375,-108.0,0.010755300521850586,-106.0,0.031636953353881836
55,5.7749999999999995,3.0,dummy,1.0,1.0,106.50685270854534,1.0,95.0,0.008383750915527344,95.0,0.013022422790527344,-106.0,0.008662700653076172,107.0,0.01069951057434082,106.0,0.03156590461730957
56,5.8125,3.0,dummy,1.0,1.0,106.51051502322322,1.0,98.0,0.008083105087280273,99.0,0.011296987533569336,106.0,0.008745670318603516,107.0,0.010392427444458008,106.0,0.03144502639770508
57,5.85,3.0,dummy,1.0,1.0,106.54358529241206,1.0,99.0,0.008950948715209961,102.0,0.011493206024169922,106.0,0.0086517333984375,102.0,0.011440277099609375,107.0,0.031597137451171875
58,5.8875,3.0,dummy,1.0,1.0,106.59930140130282,1.0,105.00000000000001,0.009045600891113281,107.0,0.010518550872802734,-108.0,0.008080720901489258,108.0,0.011460065841674805,107.0,0.03171420097351074
59,5.925,3.0,dummy,1.0,1.0,106.66280123698836,1.0,-119.99999999999999,0.008321762084960938,-125.00000000000001,0.011575937271118164,-107.0,0.008652925491333008,108.0,0.010598897933959961,105.00000000000001,0.031588077545166016
60,5.9624999999999995,3.0,dummy,1.0,1.0,106.74312181751397,1.0,-126.0,0.00903773307800293,-124.0,0.011523008346557617,105.00000000000001,0.007736682891845703,105.00000000000001,0.01118779182434082,103.0,0.031977176666259766
61,6.0,3.0,dummy,1.0,1.0,106.86679042038266,1.0,-101.0,0.009068727493286133,104.0,0.010841131210327148,104.0,0.008864641189575195,103.0,0.010468006134033203,101.0,0.03153514862060547
62,6.0375,3.0,dummy,1.0,1.0,107.01507223697186,1.0,-136.0,0.008254051208496094,-76.0,0.011345148086547852,104.0,0.007938146591186523,104.0,0.01123189926147461,52.0,0.031633615493774414
63,6.075,3.0,dummy,1.0,1.0,107.14964936681481,1.0,-52.0,0.008963584899902344,-44.0,0.010954618453979492,178.0,0.008444786071777344,-56.0,0.011390447616577148,-180.0,0.030751943588256836
64,6.1125,3.0,dummy,1.0,1.0,107.33439641686587,1.0,-57.00000000000001,0.00836801528930664,-64.0,0.011623144149780273,41.0,0.008391141891479492,-41.0,0.010785341262817383,-177.0,0.03180432319641113
65,6.1499999999999995,3.0,dummy,1.0,1.0,107.49241329560104,1.0,-172.0,0.00937652587890625,-168.0,0.012465238571166992,-40.0,0.008185386657714844,-40.0,0.012706995010375977,-169.0,0.0317995548248291
66,6.8625,3.0,dummy,1.0,1.0,113.83924110150696,1.0,137.0,0.00832676887512207,138.0,0.011506080627441406,118.00000000000001,0.00864863395690918,118.00000000000001,0.010731935501098633,116.00000000000001,0.03169751167297363
67,6.8999999999999995,3.0,dummy,1.0,1.0,114.16625883026774,1.0,128.0,0.00815272331237793,116.00000000000001,0.011211395263671875,117.0,0.007837772369384766,117.0,0.011185646057128906,115.0,0.03176164627075195
68,6.9375,3.0,dummy,1.0,1.0,114.53979207203076,1.0,119.0,0.008910417556762695,135.0,0.01123356819152832,117.0,0.0076389312744140625,118.00000000000001,0.011481523513793945,117.0,0.031763553619384766
69,6.975,3.0,dummy,1.0,1.0,114.80980382825956,1.0,119.0,0.008987903594970703,122.0,0.01053762435913086,119.0,0.008742332458496094,119.99999999999999,0.011432170867919922,119.0,0.03068399429321289
70,7.0125,3.0,dummy,1.0,1.0,115.11513517868083,1.0,-128.0,0.008357524871826172,149.0,0.011444330215454102,-147.0,0.00765228271484375,143.0,0.011561155319213867,121.0,0.03146243095397949
71,7.05,3.0,dummy,1.0,1.0,115.33961368935843,1.0,-123.00000000000001,0.008779525756835938,152.0,0.011486053466796875,122.0,0.00784158706665039,119.99999999999999,0.011425971984863281,121.0,0.03173255920410156
72,7.0874999999999995,3.0,dummy,1.0,1.0,115.60305591899797,1.0,130.0,0.008172750473022461,133.0,0.010787248611450195,122.0,0.008657217025756836,119.99999999999999,0.010468721389770508,121.0,0.031493186950683594
73,7.125,3.0,dummy,1.0,1.0,115.80181936632191,1.0,131.0,0.008289813995361328,128.0,0.011511087417602539,119.0,0.007662057876586914,119.99999999999999,0.012777090072631836,119.0,0.03165841102600098
74,7.1625,3.0,dummy,1.0,1.0,115.9879684759217,1.0,128.0,0.008948802947998047,121.0,0.011169910430908203,119.0,0.007981538772583008,121.0,0.011600494384765625,117.0,0.03137373924255371
75,7.2,3.0,dummy,1.0,1.0,116.19854897249483,1.0,22.0,0.008192300796508789,122.0,0.011473894119262695,117.0,0.008615970611572266,114.00000000000001,0.010699272155761719,113.0,0.03145003318786621
76,7.2375,3.0,dummy,1.0,1.0,116.31159684970171,1.0,33.0,0.009697914123535156,-42.0,0.011677980422973633,54.0,0.007819652557373047,-151.0,0.011193037033081055,-101.0,0.03204631805419922
77,7.2749999999999995,3.0,dummy,1.0,1.0,116.50721780137143,1.0,-125.00000000000001,0.009610176086425781,-67.0,0.011618375778198242,-152.0,0.008565664291381836,-150.0,0.01069951057434082,-149.0,0.03163719177246094
78,7.3125,3.0,dummy,1.0,1.0,116.61701984351006,1.0,-115.0,0.008258581161499023,-67.0,0.0115509033203125,-152.0,0.007711648941040039,-148.0,0.011461734771728516,-147.0,0.03165125846862793
79,7.35,3.0,dummy,1.0,1.0,116.73579143851306,1.0,-180.0,0.008199453353881836,-150.0,0.011853218078613281,-97.0,0.007756233215332031,-148.0,0.011363744735717773,-94.0,0.03139901161193848
80,7.3875,3.0,dummy,1.0,1.0,116.83968211295058,1.0,-78.0,0.009103059768676758,-147.0,0.011673450469970703,-139.0,0.0076503753662109375,-138.0,0.011375188827514648,-92.0,0.03145194053649902
81,7.425,3.0,dummy,1.0,1.0,116.91502341678319,1.0,-89.0,0.008994340896606445,-82.0,0.011481285095214844,-84.0,0.007874011993408203,-90.0,0.011492013931274414,-91.0,0.03146100044250488
82,7.4624999999999995,3.0,dummy,1.0,1.0,116.98409403019635,1.0,-170.0,0.009103536605834961,-136.0,0.010609149932861328,-54.0,0.008638381958007812,-87.0,0.010814666748046875,-62.0,0.03154730796813965
83,7.5,3.0,dummy,1.0,1.0,117.05983447653323,1.0,-90.0,0.008337020874023438,-88.0,0.011361360549926758,-54.0,0.008761405944824219,-47.0,0.010833740234375,-58.00000000000001,0.03145122528076172
84,7.5375,3.0,dummy,1.0,1.0,117.11919235353858,1.0,125.00000000000001,0.008172035217285156,123.00000000000001,0.011860132217407227,121.0,0.007818937301635742,119.99999999999999,0.011520624160766602,-118.00000000000001,0.03140902519226074
85,7.575,3.0,dummy,1.0,1.0,117.15076804573745,1.0,119.99999999999999,0.008245468139648438,121.0,0.01142430305480957,119.99999999999999,0.00782322883605957,119.99999999999999,0.011237144470214844,-117.0,0.03194999694824219
86,7.6125,3.0,dummy,1.0,1.0,117.16532076257634,1.0,-162.0,0.008977890014648438,42.0,0.011464357376098633,119.0,0.007677793502807617,119.0,0.011644601821899414,-113.0,0.031313419342041016
87,7.6499999999999995,3.0,dummy,1.0,1.0,117.15812674690875,1.0,119.99999999999999,0.008890867233276367,123.00000000000001,0.010506153106689453,118.00000000000001,0.008562803268432617,114.00000000000001,0.011424541473388672,116.00000000000001,0.03048872947692871
88,7.6875,3.0,dummy,1.0,1.0,117.12449487656973,1.0,116.00000000000001,0.008794307708740234,118.00000000000001,0.010999679565429688,115.0,0.008723258972167969,118.00000000000001,0.010736227035522461,116.00000000000001,0.031644344329833984
89,7.725,3.0,dummy,1.0,1.0,117.08001930688985,1.0,122.0,0.008093595504760742,126.0,0.01149296760559082,119.0,0.008545398712158203,118.00000000000001,0.010660648345947266,118.00000000000001,0.031737565994262695
90,7.7625,3.0,dummy,1.0,1.0,117.01881813824698,1.0,116.00000000000001,0.00821232795715332,117.0,0.01140737533569336,115.0,0.007627248764038086,115.0,0.011325836181640625,116.00000000000001,0.03138160705566406
91,7.8,3.0,dummy,1.0,1.0,116.91348579041832,1.0,114.00000000000001,0.008855342864990234,114.00000000000001,0.01137685775756836,113.0,0.00782322883605957,113.0,0.011174440383911133,113.0,0.03161215782165527
92,7.8374999999999995,3.0,dummy,1.0,1.0,116.76861172650153,1.0,32.0,0.008771896362304688,31.0,0.011423587799072266,113.0,0.00785517692565918,115.0,0.011466026306152344,-108.0,0.03176593780517578
93,7.875,3.0,dummy,1.0,1.0,116.66019387239082,1.0,29.999999999999996,0.008906126022338867,-109.0,0.010524272918701172,113.0,0.008545398712158203,111.0,0.011430501937866211,-108.0,0.030584096908569336
94,7.9125,3.0,dummy,1.0,1.0,116.44180469299434,1.0,-147.0,0.008704423904418945,115.0,0.010973930358886719,119.0,0.008482933044433594,118.00000000000001,0.010525226593017578,118.00000000000001,0.03165936470031738
95,7.95,3.0,dummy,1.0,1.0,116.17640042624315,1.0,-136.0,0.008272647857666016,122.0,0.01134634017944336,119.0,0.007605075836181641,117.0,0.01140284538269043,119.0,0.031780242919921875
96,7.9875,3.0,dummy,1.0,1.0,115.86573023883793,1.0,119.99999999999999,0.009069681167602539,117.0,0.011405467987060547,117.0,0.007931947708129883,116.00000000000001,0.01140451431274414,117.0,0.031870365142822266
97,8.025,3.0,dummy,1.0,1.0,115.58647231266207,1.0,-117.0,0.009008407592773438,-118.00000000000001,0.010757923126220703,118.00000000000001,0.008383750915527344,118.00000000000001,0.011693000793457031,118.00000000000001,0.031093835830688477
98,8.0625,3.0,dummy,1.0,1.0,115.28223886940951,1.0,-116.00000000000001,0.008263587951660156,-134.0,0.011623144149780273,-115.0,0.00885009765625,-113.0,0.010725736618041992,-111.0,0.0317838191986084
99,8.1,3.0,dummy,1.0,1.0,114.87208167156992,1.0,119.99999999999999,0.00811314582824707,119.99999999999999,0.011639833450317383,117.0,0.00854802131652832,116.00000000000001,0.01065826416015625,115.0,0.031790971755981445
100,8.1375,3.0,dummy,1.0,1.0,114.43797933740065,1.0,-111.0,0.008250236511230469,119.99999999999999,0.011556625366210938,117.0,0.007858991622924805,114.00000000000001,0.011425495147705078,114.00000000000001,0.03176403045654297
101,8.175,3.0,dummy,1.0,1.0,114.08175855154933,1.0,127.00000000000001,0.009055852890014648,119.99999999999999,0.01126408576965332,117.0,0.007857799530029297,119.99999999999999,0.011558294296264648,116.00000000000001,0.03154420852661133
102,8.2125,3.0,dummy,1.0,1.0,113.72464068723147,1.0,119.99999999999999,0.009080648422241211,121.0,0.011011362075805664,119.99999999999999,0.008826494216918945,119.99999999999999,0.01144099235534668,115.0,0.03166031837463379
103,8.25,3.0,dummy,1.0,1.0,113.28522037194881,1.0,155.0,0.008224725723266602,-18.0,0.011408090591430664,-3.0000000000000004,0.008550167083740234,-176.0,0.010814189910888672,-148.0,0.03160214424133301
104,8.2875,3.0,dummy,1.0,1.0,112.85976933398993,1.0,-149.0,0.008822202682495117,114.00000000000001,0.010712862014770508,115.0,0.008720874786376953,-147.0,0.010662317276000977,-144.0,0.03166651725769043
105,8.325,3.0,dummy,1.0,1.0,112.53114829961078,1.0,118.00000000000001,0.008157014846801758,119.0,0.011443614959716797,-98.0,0.007815837860107422,104.0,0.011578798294067383,106.0,0.031623125076293945
106,8.3625,3.0,dummy,1.0,1.0,112.13370184896259,1.0,-101.0,0.008984804153442383,118.00000000000001,0.011633872985839844,-100.0,0.008383989334106445,-19.0,0.010632991790771484,108.0,0.031350135803222656
107,8.4,3.0,dummy,1.0,1.0,111.82335553755308,1.0,-99.0,0.008330106735229492,-100.0,0.011556148529052734,-99.0,0.007955551147460938,-17.0,0.011497259140014648,-103.0,0.03167223930358887
108,8.4375,3.0,dummy,1.0,1.0,111.44023850093653,1.0,-89.0,0.009106636047363281,125.00000000000001,0.011744260787963867,-18.0,0.008450984954833984,-10.0,0.012655973434448242,-103.0,0.03210711479187012
109,8.475,3.0,dummy,1.0,1.0,111.13542527266232,1.0,-107.0,0.008883237838745117,-106.0,0.011241912841796875,-107.0,0.007869243621826172,-105.00000000000001,0.01153564453125,-2.0,0.031453609466552734
110,8.5125,3.0,dummy,1.0,1.0,110.75611196875941,1.0,-109.0,0.009232282638549805,133.0,0.010729551315307617,0.0,0.008482217788696289,-2.0,0.01152348518371582,-1.0,0.03197026252746582
111,8.55,3.0,dummy,1.0,1.0,110.45466086310176,1.0,133.0,0.009011507034301758,145.0,0.011577129364013672,0.0,0.007964372634887695,-1.0,0.01143193244934082,-1.0,0.03191065788269043
112,8.5875,3.0,dummy,1.0,1.0,110.080456043678,1.0,-147.0,0.009031534194946289,-90.0,0.010584592819213867,-63.0,0.008239030838012695,-64.0,0.011635303497314453,-62.0,0.0306093692779541
113,8.625,3.0,dummy,1.0,1.0,109.85632700563549,1.0,-4.0,0.009285211563110352,0.0,0.010578393936157227,118.00000000000001,0.00799417495727539,118.00000000000001,0.011567115783691406,1.0,0.03174018859863281
114,8.6625,3.0,dummy,1.0,1.0,109.47906288148168,1.0,-115.0,0.0089263916015625,-17.0,0.010797977447509766,118.00000000000001,0.008465051651000977,118.00000000000001,0.011393070220947266,5.0,0.030930757522583008
115,8.7,3.0,dummy,1.0,1.0,109.08874757967573,1.0,-163.0,0.009125947952270508,43.0,0.011154413223266602,116.00000000000001,0.009473562240600586,2.0,0.012232780456542969,10.0,0.031464338302612305
116,8.7375,3.0,dummy,1.0,1.0,108.67448621505228,1.0,179.0,0.009224414825439453,43.0,0.011733293533325195,14.999999999999998,0.007613182067871094,9.0,0.011251688003540039,22.0,0.031624555587768555
117,8.775,3.0,dummy,1.0,1.0,108.2285643459848,1.0,-132.0,0.009130001068115234,-178.0,0.010703325271606445,-138.0,0.008119583129882812,-177.0,0.011683464050292969,-47.0,0.03168606758117676
118,9.7125,3.0,dummy,1.0,1.0,96.98287183749153,1.0,99.0,0.00936746597290039,97.0,0.011521339416503906,100.0,0.008024454116821289,100.0,0.011661291122436523,100.0,0.03141927719116211
119,9.75,3.0,dummy,1.0,1.0,96.55852314063807,1.0,99.0,0.008240699768066406,98.0,0.011591672897338867,99.0,0.007847309112548828,99.0,0.011363029479980469,99.0,0.031549692153930664
120,9.7875,3.0,dummy,1.0,1.0,96.16497254414205,1.0,94.0,0.008154630661010742,111.0,0.011233806610107422,99.0,0.007847785949707031,99.0,0.012575149536132812,100.0,0.03149676322937012
121,9.825,3.0,dummy,1.0,1.0,95.88399217513387,1.0,94.0,0.008260488510131836,98.0,0.011633634567260742,99.0,0.008710622787475586,99.0,0.010606050491333008,100.0,0.031599998474121094
122,9.8625,3.0,dummy,1.0,1.0,95.58317882084415,1.0,95.0,0.00817728042602539,99.0,0.011711359024047852,99.0,0.00868678092956543,99.0,0.01081991195678711,99.0,0.03161287307739258
123,9.9,3.0,dummy,1.0,1.0,95.37800406182122,1.0,101.0,0.0088958740234375,101.0,0.010814666748046875,100.0,0.008433341979980469,101.0,0.010655403137207031,99.0,0.03168606758117676
124,9.9375,3.0,dummy,1.0,1.0,95.18963145305531,1.0,101.0,0.008209943771362305,97.0,0.010859966278076172,98.0,0.008666753768920898,97.0,0.010627508163452148,97.0,0.031655311584472656
125,9.975,3.0,dummy,1.0,1.0,94.94735153326421,1.0,97.0,0.008844614028930664,104.0,0.01097726821899414,97.0,0.00883030891418457,97.0,0.010774850845336914,97.0,0.031551361083984375
126,10.0125,3.0,dummy,1.0,1.0,94.66217097985123,1.0,97.0,0.00877690315246582,101.0,0.01173090934753418,97.0,0.00871729850769043,97.0,0.010675191879272461,97.0,0.03147602081298828
127,10.05,3.0,dummy,1.0,1.0,94.38563221806056,1.0,97.0,0.00914764404296875,98.0,0.01055288314819336,97.0,0.008655309677124023,97.0,0.011463642120361328,96.00000000000001,0.031775712966918945
128,10.0875,3.0,dummy,1.0,1.0,93.9705886385158,1.0,98.0,0.009104490280151367,98.0,0.010561704635620117,97.0,0.00855398178100586,97.0,0.011412382125854492,95.0,0.03180336952209473
129,10.125,3.0,dummy,1.0,1.0,93.58397956023987,1.0,101.0,0.010365962982177734,102.0,0.01189875602722168,97.0,0.00809621810913086,96.00000000000001,0.011639833450317383,93.0,0.031891584396362305
130,10.1625,3.0,dummy,1.0,1.0,93.15431723090039,1.0,103.0,0.00836944580078125,98.0,0.011515378952026367,97.0,0.007889032363891602,96.00000000000001,0.011036157608032227,93.0,0.03153347969055176
131,10.2,3.0,dummy,1.0,1.0,92.56957473631415,1.0,94.0,0.008944272994995117,92.0,0.011627197265625,93.0,0.007858753204345703,96.00000000000001,0.011475324630737305,91.0,0.03157496452331543
132,10.2375,3.0,dummy,1.0,1.0,91.95121535628401,1.0,91.0,0.010065793991088867,91.0,0.011796712875366211,92.0,0.008043766021728516,91.0,0.011465311050415039,91.0,0.03163313865661621
133,10.275,3.0,dummy,1.0,1.0,91.44695029471964,1.0,103.0,0.008308172225952148,86.0,0.0117340087890625,93.0,0.007740497589111328,92.0,0.01156473159790039,91.0,0.03180956840515137
134,10.3125,3.0,dummy,1.0,1.0,90.82147376372629,1.0,108.0,0.008926868438720703,93.0,0.010612964630126953,93.0,0.008031368255615234,93.0,0.011542558670043945,91.0,0.03169989585876465
135,10.35,3.0,dummy,1.0,1.0,90.33545029946575,1.0,107.0,0.008206605911254883,93.0,0.011373519897460938,93.0,0.00776219367980957,93.0,0.011300802230834961,93.0,0.03131532669067383
136,10.3875,3.0,dummy,1.0,1.0,89.75611705229593,1.0,92.0,0.008286476135253906,91.0,0.01146078109741211,92.0,0.008657217025756836,91.0,0.0107879638671875,91.0,0.0315699577331543
137,10.425,3.0,dummy,1.0,1.0,89.3196724906522,1.0,91.0,0.008162498474121094,90.0,0.011305570602416992,90.0,0.008458375930786133,90.0,0.01044011116027832,90.0,0.03174424171447754
138,10.4625,3.0,dummy,1.0,1.0,88.90936830196088,1.0,91.0,0.008961200714111328,91.0,0.0106048583984375,90.0,0.008749246597290039,91.0,0.010736465454101562,91.0,0.03145575523376465
139,10.5,3.0,dummy,1.0,1.0,88.4356742942999,1.0,83.0,0.009069681167602539,93.0,0.01145792007446289,88.0,0.007733345031738281,89.0,0.011183738708496094,89.0,0.031568050384521484
140,10.5375,3.0,dummy,1.0,1.0,88.09028979002535,1.0,85.0,0.008942365646362305,92.0,0.011794805526733398,85.0,0.0076520442962646484,86.0,0.011522293090820312,89.0,0.0315401554107666
141,10.575,3.0,dummy,1.0,1.0,87.63103796510279,1.0,90.0,0.00814962387084961,-20.0,0.01162099838256836,90.0,0.008722782135009766,89.0,0.010926246643066406,90.0,0.03151679039001465
142,10.6125,3.0,dummy,1.0,1.0,87.36302077965381,1.0,88.0,0.008995294570922852,89.0,0.010613679885864258,90.0,0.008671045303344727,90.0,0.011516571044921875,90.0,0.031836748123168945
143,10.65,3.0,dummy,1.0,1.0,87.12184809932938,1.0,88.0,0.00887298583984375,89.0,0.011636495590209961,89.0,0.007956743240356445,89.0,0.011553049087524414,90.0,0.03159976005554199
144,10.6875,3.0,dummy,1.0,1.0,86.90259085937409,1.0,90.0,0.008423805236816406,89.0,0.011313915252685547,90.0,0.008013010025024414,89.0,0.011559247970581055,88.0,0.031737327575683594
145,10.725,3.0,dummy,1.0,1.0,86.65125156030231,1.0,89.0,0.00821232795715332,92.0,0.011636972427368164,89.0,0.008771419525146484,89.0,0.010900020599365234,88.0,0.03168129920959473
146,10.7625,3.0,dummy,1.0,1.0,86.41638553266864,1.0,88.0,0.009742021560668945,91.0,0.011005401611328125,88.0,0.008779764175415039,86.0,0.010716915130615234,86.0,0.033116817474365234
147,10.8,3.0,dummy,1.0,1.0,86.23548062933281,1.0,-23.0,0.010396718978881836,-38.0,0.011910676956176758,87.0,0.00798344612121582,85.0,0.011304855346679688,-83.0,0.03175926208496094
148,10.8375,3.0,dummy,1.0,1.0,86.05891026781669,1.0,10.0,0.008216619491577148,28.0,0.01251840591430664,10.0,0.009111642837524414,0.0,0.010812997817993164,-82.0,0.03151845932006836
149,10.875,3.0,dummy,1.0,1.0,85.8449890076286,1.0,-180.0,0.0090179443359375,8.0,0.010897159576416016,-72.0,0.008597135543823242,52.0,0.010641336441040039,-81.0,0.03168010711669922
150,10.9125,3.0,dummy,1.0,1.0,85.64116944312899,1.0,-129.0,0.009152889251708984,-43.0,0.01076364517211914,-46.0,0.008722782135009766,-45.0,0.01159977912902832,-38.0,0.0311739444732666
151,10.95,3.0,dummy,1.0,1.0,85.48640785444304,1.0,23.0,0.008970499038696289,-26.0,0.010940074920654297,-23.0,0.008504867553710938,-26.0,0.01129150390625,-37.0,0.03158092498779297
152,10.9875,3.0,dummy,1.0,1.0,85.33819475322228,1.0,32.0,0.008951663970947266,34.0,0.010754823684692383,32.0,0.008556127548217773,33.0,0.01191401481628418,-39.0,0.031116008758544922
153,11.7,3.0,dummy,1.0,1.0,78.23756436466073,1.0,85.0,0.009419918060302734,85.0,0.010622501373291016,119.0,0.008000612258911133,85.0,0.011654376983642578,82.0,0.03160452842712402
154,11.7375,3.0,dummy,1.0,1.0,77.81761235424511,1.0,88.0,0.00927424430847168,95.0,0.011000394821166992,88.0,0.008591413497924805,86.0,0.010756969451904297,79.0,0.031549692153930664
155,11.775,3.0,dummy,1.0,1.0,77.35627661848483,1.0,91.0,0.008964061737060547,89.0,0.011554718017578125,88.0,0.007719755172729492,86.0,0.011306524276733398,75.0,0.03154897689819336
156,11.8125,3.0,dummy,1.0,1.0,76.96741236015666,1.0,81.0,0.008148908615112305,163.0,0.011704683303833008,90.0,0.0087432861328125,83.0,0.010653018951416016,-68.0,0.031699180603027344
157,11.85,3.0,dummy,1.0,1.0,76.70577525891336,1.0,178.0,0.00895071029663086,173.0,0.010605812072753906,87.0,0.008475780487060547,86.0,0.011686325073242188,-73.0,0.030606985092163086
158,11.8875,3.0,dummy,1.0,1.0,76.48391648534924,1.0,-53.0,0.009074211120605469,158.0,0.011472940444946289,84.0,0.007828235626220703,56.0,0.011417865753173828,-71.0,0.03144550323486328
159,11.925,3.0,dummy,1.0,1.0,76.25647063129732,1.0,-58.00000000000001,0.008147239685058594,88.0,0.01138448715209961,84.0,0.0076923370361328125,-178.0,0.011350631713867188,-70.0,0.0312647819519043
160,11.9625,3.0,dummy,1.0,1.0,76.11013406534545,1.0,83.0,0.00821065902709961,-158.0,0.011477470397949219,82.0,0.008434057235717773,-59.00000000000001,0.011289834976196289,-68.0,0.032105207443237305
161,12.0,3.0,dummy,1.0,1.0,75.96606323206532,1.0,68.0,0.008991718292236328,-144.0,0.011658906936645508,-158.0,0.007904767990112305,-75.0,0.01157999038696289,-64.0,0.03152012825012207
162,12.0375,3.0,dummy,1.0,1.0,75.87777061108915,1.0,82.0,0.008344411849975586,-16.0,0.011466503143310547,73.0,0.00838613510131836,-61.0,0.012244462966918945,-71.0,0.03217625617980957
163,12.075,3.0,dummy,1.0,1.0,75.79714581593964,1.0,87.0,0.008944034576416016,-78.0,0.011269092559814453,-77.0,0.007909059524536133,-77.0,0.011955022811889648,-82.0,0.03441166877746582
164,12.1125,3.0,dummy,1.0,1.0,75.74799570176472,1.0,69.0,0.008215904235839844,76.0,0.011594057083129883,72.0,0.008337736129760742,75.0,0.010815620422363281,77.0,0.03135967254638672
165,12.15,3.0,dummy,1.0,1.0,75.73109771050572,1.0,99.0,0.009026288986206055,88.0,0.01068735122680664,81.0,0.008735895156860352,79.0,0.011492729187011719,80.0,0.030796527862548828
166,12.1875,3.0,dummy,1.0,1.0,75.73609954642988,1.0,89.0,0.00899505615234375,90.0,0.011505842208862305,89.0,0.007968902587890625,90.0,0.011412858963012695,83.0,0.03136134147644043
167,12.225,3.0,dummy,1.0,1.0,75.75768020269226,1.0,84.0,0.008128643035888672,86.0,0.011612892150878906,88.0,0.007822990417480469,88.0,0.011652469635009766,84.0,0.031491756439208984
168,12.2625,3.0,dummy,1.0,1.0,75.80166082824951,1.0,87.0,0.008225440979003906,90.0,0.011578798294067383,87.0,0.008599996566772461,90.0,0.010637283325195312,88.0,0.03145885467529297
169,12.3,3.0,dummy,1.0,1.0,75.86140763588035,1.0,-73.0,0.009030580520629883,86.0,0.010575056076049805,86.0,0.00801229476928711,86.0,0.01161813735961914,89.0,0.034420013427734375
170,12.3375,3.0,dummy,1.0,1.0,75.91999309295122,1.0,84.0,0.008292913436889648,84.0,0.011286258697509766,85.0,0.00798487663269043,85.0,0.011614084243774414,-88.0,0.03212094306945801
171,12.375,3.0,dummy,1.0,1.0,75.98810668570408,1.0,83.0,0.008264541625976562,-62.0,0.013010740280151367,-58.00000000000001,0.008519172668457031,-83.0,0.010628223419189453,-69.0,0.03177809715270996
172,12.4125,3.0,dummy,1.0,1.0,76.08636734481368,1.0,-84.0,0.009084939956665039,-84.0,0.010811328887939453,-71.0,0.008423089981079102,-80.0,0.011524438858032227,-73.0,0.03157997131347656
173,12.45,3.0,dummy,1.0,1.0,76.1752675861356,1.0,-89.0,0.008201360702514648,-79.0,0.011535167694091797,-79.0,0.007823944091796875,-78.0,0.012933492660522461,-81.0,0.03232717514038086
174,12.4875,3.0,dummy,1.0,1.0,76.29895194693039,1.0,-96.00000000000001,0.009073972702026367,-80.0,0.010897397994995117,-78.0,0.008483409881591797,-80.0,0.010756969451904297,-78.0,0.031662702560424805
175,12.525,3.0,dummy,1.0,1.0,76.40736883495538,1.0,87.0,0.008200883865356445,86.0,0.011447906494140625,-79.0,0.007888078689575195,-123.00000000000001,0.01159811019897461,-47.0,0.03149151802062988
176,12.5625,3.0,dummy,1.0,1.0,76.55323845689647,1.0,80.0,0.008730888366699219,93.0,0.012279510498046875,-50.0,0.008649349212646484,-53.0,0.010701417922973633,-81.0,0.03138327598571777
177,12.6375,3.0,dummy,1.0,1.0,76.83819029321033,1.0,-80.0,0.008239507675170898,-86.0,0.011127471923828125,-81.0,0.0076863765716552734,-85.0,0.011328697204589844,84.0,0.03160691261291504
178,12.675,3.0,dummy,1.0,1.0,76.97216330917095,1.0,-138.0,0.00894784927368164,-86.0,0.010768413543701172,-137.0,0.008684635162353516,-86.0,0.011247634887695312,84.0,0.03131103515625
179,12.7125,3.0,dummy,1.0,1.0,77.10994383686128,1.0,-83.0,0.008972644805908203,-85.0,0.011531352996826172,-85.0,0.0077588558197021484,87.0,0.011342287063598633,87.0,0.0315706729888916
180,12.75,3.0,dummy,1.0,1.0,77.28731142910229,1.0,157.0,0.008257865905761719,64.0,0.010898828506469727,91.0,0.00883936882019043,88.0,0.010468244552612305,88.0,0.03135490417480469
181,12.7875,3.0,dummy,1.0,1.0,77.47249155689344,1.0,-21.0,0.00930023193359375,-17.0,0.010988235473632812,91.0,0.00838613510131836,-93.0,0.011522531509399414,92.0,0.032152414321899414
182,12.825,3.0,dummy,1.0,1.0,77.63075625307975,1.0,89.0,0.008200407028198242,92.0,0.011510610580444336,93.0,0.007837057113647461,94.0,0.011413335800170898,93.0,0.031584739685058594
183,12.8625,3.0,dummy,1.0,1.0,77.85050624374463,1.0,-47.0,0.009017229080200195,95.0,0.010853290557861328,90.0,0.008517742156982422,91.0,0.010693788528442383,92.0,0.031380653381347656
184,12.9,3.0,dummy,1.0,1.0,78.05078807249264,1.0,92.0,0.0089263916015625,99.0,0.010877609252929688,-91.0,0.008640766143798828,-91.0,0.011399030685424805,-92.0,0.03126239776611328
185,12.9375,3.0,dummy,1.0,1.0,78.33738411192202,1.0,97.0,0.009366750717163086,100.0,0.012592077255249023,89.0,0.008228063583374023,86.0,0.012175559997558594,-90.0,0.03241372108459473
186,12.975,3.0,dummy,1.0,1.0,78.52904609901685,1.0,-117.0,0.008229970932006836,-146.0,0.011418342590332031,-90.0,0.008658885955810547,-89.0,0.01080322265625,-91.0,0.03138852119445801
187,13.0125,3.0,dummy,1.0,1.0,78.87790461499377,1.0,-156.0,0.008940458297729492,-142.0,0.011213064193725586,-88.0,0.007823705673217773,-89.0,0.011515617370605469,-92.0,0.0318906307220459
188,13.05,3.0,dummy,1.0,1.0,79.25403651147019,1.0,-152.0,0.008301258087158203,-161.0,0.011312484741210938,-61.0,0.007945060729980469,-155.0,0.01164102554321289,-96.00000000000001,0.03176760673522949
189,13.0875,3.0,dummy,1.0,1.0,79.64183860772955,1.0,-93.0,0.00890803337097168,-95.0,0.010803937911987305,-92.0,0.008463144302368164,-94.0,0.011422157287597656,-93.0,0.030612945556640625
190,13.125,3.0,dummy,1.0,1.0,79.87318303504136,1.0,90.0,0.008345365524291992,86.0,0.011362791061401367,85.0,0.007872819900512695,86.0,0.011556863784790039,86.0,0.03153729438781738
191,13.1625,3.0,dummy,1.0,1.0,80.32032605965784,1.0,84.0,0.008297920227050781,84.0,0.01305389404296875,84.0,0.008831262588500977,84.0,0.010631799697875977,85.0,0.0314638614654541
192,13.2,3.0,dummy,1.0,1.0,80.60295165466714,1.0,79.0,0.008163928985595703,82.0,0.011379480361938477,85.0,0.007723331451416016,82.0,0.011432170867919922,84.0,0.0314183235168457
193,13.2375,3.0,dummy,1.0,1.0,80.93910923028373,1.0,88.0,0.008273601531982422,166.0,0.011928796768188477,-84.0,0.008511066436767578,87.0,0.010717153549194336,84.0,0.03189396858215332
194,13.275,3.0,dummy,1.0,1.0,81.26011719483596,1.0,163.0,0.009587764739990234,167.0,0.011513471603393555,-83.0,0.00847315788269043,-87.0,0.012219905853271484,-85.0,0.034429311752319336
195,13.3125,3.0,dummy,1.0,1.0,81.50907274245164,1.0,-169.0,0.008242130279541016,-160.0,0.01159214973449707,-89.0,0.007669210433959961,-92.0,0.011536359786987305,-87.0,0.03175640106201172
196,13.35,3.0,dummy,1.0,1.0,81.75264902748935,1.0,-1.0,0.009012460708618164,-1.0,0.010930061340332031,-95.0,0.008542537689208984,-97.0,0.010821104049682617,-37.0,0.031691551208496094
197,13.3875,3.0,dummy,1.0,1.0,81.99100136953093,1.0,40.0,0.008912324905395508,36.0,0.011640548706054688,39.0,0.007723331451416016,-40.0,0.011427879333496094,-40.0,0.031511783599853516
198,13.425,3.0,dummy,1.0,1.0,82.22310561929486,1.0,-25.0,0.00960230827331543,-137.0,0.010897636413574219,-44.0,0.008629560470581055,-44.0,0.010635137557983398,-46.0,0.031644344329833984
199,13.4625,3.0,dummy,1.0,1.0,82.5551386360143,1.0,179.0,0.008173465728759766,-20.0,0.011181116104125977,-45.0,0.00772857666015625,-49.0,0.011425495147705078,-47.0,0.03174901008605957
200,13.5,3.0,dummy,1.0,1.0,82.7622113552623,1.0,80.0,0.008193254470825195,44.0,0.011432409286499023,-45.0,0.008770465850830078,-45.0,0.010767459869384766,48.00000000000001,0.032184600830078125
201,13.5375,3.0,dummy,1.0,1.0,83.00187516892014,1.0,-83.0,0.008362054824829102,34.0,0.011815071105957031,-90.0,0.007844924926757812,-90.0,0.011525154113769531,-52.0,0.03145194053649902
202,13.575,3.0,dummy,1.0,1.0,83.21913183536894,1.0,-79.0,0.009646892547607422,-2.0,0.010761737823486328,-24.000000000000004,0.008414030075073242,-5.0,0.011419534683227539,-179.0,0.03083658218383789
203,15.1125,3.0,dummy,1.0,1.0,84.6498413500662,1.0,75.0,0.008434534072875977,78.0,0.011068582534790039,86.0,0.00845789909362793,84.0,0.01068425178527832,87.0,0.031693458557128906
204,15.15,3.0,dummy,1.0,1.0,84.91391676948292,1.0,22.0,0.00816202163696289,24.000000000000004,0.011360883712768555,84.0,0.007956743240356445,85.0,0.01125955581665039,88.0,0.03163599967956543
205,15.1875,3.0,dummy,1.0,1.0,85.27111911284165,1.0,24.000000000000004,0.00901174545288086,89.0,0.010546445846557617,88.0,0.008482933044433594,88.0,0.01067495346069336,87.0,0.031516313552856445
206,15.225,3.0,dummy,1.0,1.0,85.57687702314355,1.0,-102.0,0.008341550827026367,-179.0,0.012936115264892578,88.0,0.00878763198852539,-180.0,0.010712623596191406,-180.0,0.0314946174621582
207,15.2625,3.0,dummy,1.0,1.0,85.9807966650328,1.0,-104.0,0.008153200149536133,90.0,0.011507272720336914,88.0,0.007849454879760742,-179.0,0.011558055877685547,87.0,0.03144955635070801
208,15.3,3.0,dummy,1.0,1.0,86.31866624807505,1.0,-55.0,0.00958704948425293,88.0,0.012269735336303711,89.0,0.009387969970703125,88.0,0.011680841445922852,87.0,0.032151222229003906
209,15.3375,3.0,dummy,1.0,1.0,86.75596272640347,1.0,-177.0,0.008958816528320312,-162.0,0.010822772979736328,87.0,0.008642196655273438,88.0,0.010614871978759766,88.0,0.031488656997680664
210,15.375,3.0,dummy,1.0,1.0,87.11539408165615,1.0,-77.0,0.008365154266357422,90.0,0.011065959930419922,88.0,0.007947683334350586,89.0,0.01129007339477539,89.0,0.03171968460083008
211,15.4125,3.0,dummy,1.0,1.0,87.4811705391736,1.0,130.0,0.009607076644897461,-126.0,0.010847806930541992,137.0,0.007977724075317383,138.0,0.011563777923583984,92.0,0.0316617488861084
212,15.45,3.0,dummy,1.0,1.0,87.94327633312159,1.0,-24.000000000000004,0.009390115737915039,-22.0,0.010630130767822266,-23.0,0.008685588836669922,-20.0,0.010851621627807617,-97.0,0.031662702560424805
213,15.4875,3.0,dummy,1.0,1.0,88.40430392331763,1.0,38.0,0.009047985076904297,-16.0,0.010804891586303711,-159.0,0.008662700653076172,144.0,0.010618448257446289,-147.0,0.030884981155395508
214,15.525,3.0,dummy,1.0,1.0,88.7667522405163,1.0,-141.0,0.008159160614013672,-151.0,0.011499404907226562,140.0,0.00789332389831543,0.0,0.011425018310546875,-145.0,0.031342506408691406
215,15.5625,3.0,dummy,1.0,1.0,89.11853936479463,1.0,137.0,0.009191513061523438,26.0,0.010788917541503906,132.0,0.008712530136108398,91.0,0.011420011520385742,91.0,0.031230688095092773
216,15.6,3.0,dummy,1.0,1.0,89.53609767025863,1.0,21.0,0.008211851119995117,21.0,0.011374235153198242,93.0,0.008673429489135742,93.0,0.010468721389770508,91.0,0.03140711784362793
217,15.6375,3.0,dummy,1.0,1.0,89.92150982974987,1.0,159.0,0.00901341438293457,-64.0,0.011837244033813477,93.0,0.008073568344116211,92.0,0.011640071868896484,91.0,0.03212141990661621
218,15.675,3.0,dummy,1.0,1.0,90.20353566692171,1.0,168.0,0.00907278060913086,178.0,0.01188516616821289,93.0,0.008266687393188477,94.0,0.011454105377197266,93.0,0.031655073165893555
219,15.7125,3.0,dummy,1.0,1.0,90.46209948931906,1.0,-169.0,0.008962631225585938,-13.0,0.010596752166748047,95.0,0.008584976196289062,46.0,0.011369705200195312,-94.0,0.030575990676879883
220,15.75,3.0,dummy,1.0,1.0,90.75566398991789,1.0,-47.0,0.008204936981201172,-53.0,0.011466503143310547,95.0,0.008487462997436523,96.00000000000001,0.010748863220214844,-94.0,0.031495094299316406
221,15.7875,3.0,dummy,1.0,1.0,91.0234710606271,1.0,-41.0,0.008194684982299805,88.0,0.011673450469970703,93.0,0.007835865020751953,89.0,0.011530399322509766,-93.0,0.031473636627197266
222,15.825,3.0,dummy,1.0,1.0,91.22531547447319,1.0,-11.0,0.008183479309082031,5.0,0.011356830596923828,-1.0,0.0076770782470703125,-145.0,0.011267423629760742,-93.0,0.031385183334350586
223,15.8625,3.0,dummy,1.0,1.0,91.46906531394177,1.0,-41.0,0.008951187133789062,-29.000000000000004,0.011353015899658203,-28.0,0.007897377014160156,-29.999999999999996,0.01141667366027832,-95.0,0.03157854080200195
224,15.9,3.0,dummy,1.0,1.0,91.66086342698671,1.0,-54.0,0.009097576141357422,-14.999999999999998,0.01086115837097168,-29.999999999999996,0.008559942245483398,-26.0,0.010670185089111328,-98.0,0.03150153160095215
225,15.9375,3.0,dummy,1.0,1.0,91.89874173871054,1.0,-58.00000000000001,0.0083160400390625,-35.0,0.011351823806762695,-4.0,0.008461713790893555,-3.0000000000000004,0.010824203491210938,-100.0,0.03169846534729004
226,15.975,3.0,dummy,1.0,1.0,92.04033087373372,1.0,45.0,0.00952005386352539,-150.0,0.011998891830444336,-99.0,0.007886409759521484,-151.0,0.011650562286376953,-96.00000000000001,0.03214120864868164
227,16.0125,3.0,dummy,1.0,1.0,92.31848238063563,1.0,159.0,0.009007692337036133,-172.0,0.010595560073852539,-160.0,0.008363962173461914,-180.0,0.011391878128051758,-95.0,0.03095221519470215
228,16.05,3.0,dummy,1.0,1.0,92.49796431063912,1.0,119.99999999999999,0.008147716522216797,47.0,0.010876178741455078,49.0,0.008657455444335938,47.0,0.010573863983154297,94.0,0.03152012825012207
229,16.0875,3.0,dummy,1.0,1.0,92.71347500352448,1.0,140.0,0.008228302001953125,129.0,0.012867212295532227,46.0,0.008595466613769531,47.0,0.010881185531616211,94.0,0.03139781951904297
230,16.125,3.0,dummy,1.0,1.0,92.87846804775586,1.0,47.0,0.009033441543579102,152.0,0.011361360549926758,47.0,0.007999420166015625,47.0,0.01142263412475586,94.0,0.031595468521118164
231,16.1625,3.0,dummy,1.0,1.0,93.07640367485493,1.0,47.0,0.009145975112915039,46.0,0.011805534362792969,46.0,0.007592439651489258,46.0,0.011530399322509766,93.0,0.031740427017211914
232,16.2,3.0,dummy,1.0,1.0,93.22951889905745,1.0,94.0,0.008913278579711914,94.0,0.010707378387451172,94.0,0.008391141891479492,93.0,0.010640144348144531,92.0,0.03167080879211426
233,16.2375,3.0,dummy,1.0,1.0,93.4166679214877,1.0,92.0,0.008368730545043945,95.0,0.011393308639526367,92.0,0.008077383041381836,94.0,0.011366128921508789,94.0,0.03187751770019531
234,16.275,3.0,dummy,1.0,1.0,93.56456226287075,1.0,6.000000000000001,0.009050130844116211,-161.0,0.011350631713867188,-90.0,0.007790565490722656,-90.0,0.011441230773925781,-96.00000000000001,0.03151369094848633
235,16.3125,3.0,dummy,1.0,1.0,93.7484341812738,1.0,9.0,0.009212255477905273,170.0,0.012429237365722656,175.0,0.008524656295776367,-1.0,0.011906147003173828,-97.0,0.03191876411437988
236,16.35,3.0,dummy,1.0,1.0,93.8949542393913,1.0,-14.0,0.009070634841918945,-144.0,0.010627031326293945,-179.0,0.008606433868408203,-178.0,0.011354923248291016,-96.00000000000001,0.030762672424316406
237,16.3875,3.0,dummy,1.0,1.0,94.04065090929325,1.0,26.0,0.008181571960449219,24.000000000000004,0.011387109756469727,96.00000000000001,0.0086669921875,96.00000000000001,0.010774374008178711,96.00000000000001,0.03161191940307617
238,16.425,3.0,dummy,1.0,1.0,94.18503273383608,1.0,96.00000000000001,0.00830841064453125,26.0,0.0116119384765625,95.0,0.0077686309814453125,95.0,0.011300802230834961,94.0,0.03153419494628906
239,16.4625,3.0,dummy,1.0,1.0,94.3985197157644,1.0,92.0,0.00878596305847168,164.0,0.011617422103881836,90.0,0.007638454437255859,90.0,0.011378288269042969,93.0,0.031941890716552734
240,16.5,3.0,dummy,1.0,1.0,94.53901780144919,1.0,-94.0,0.008955001831054688,107.0,0.010891914367675781,-93.0,0.008466243743896484,94.0,0.011744499206542969,93.0,0.03226757049560547
241,16.5375,3.0,dummy,1.0,1.0,94.71323638225932,1.0,167.0,0.009049654006958008,84.0,0.011013984680175781,-92.0,0.008724689483642578,93.0,0.010869026184082031,-91.0,0.031449317932128906
242,16.575,3.0,dummy,1.0,1.0,94.88604871559855,1.0,-100.0,0.008786916732788086,-99.0,0.010964632034301758,-88.0,0.008552789688110352,-90.0,0.010679244995117188,-91.0,0.031363487243652344
243,16.6125,3.0,dummy,1.0,1.0,95.02338511959991,1.0,-101.0,0.00885152816772461,-91.0,0.010875225067138672,-93.0,0.008676528930664062,-92.0,0.011409759521484375,-93.0,0.031916141510009766
244,16.65,3.0,dummy,1.0,1.0,95.16050745339918,1.0,-90.0,0.009032964706420898,-84.0,0.010851860046386719,-90.0,0.008484125137329102,-92.0,0.011682510375976562,-92.0,0.030759334564208984
245,16.6875,3.0,dummy,1.0,1.0,95.33242660606192,1.0,-2.0,0.008249759674072266,-100.0,0.011562824249267578,-92.0,0.008513689041137695,-92.0,0.010646343231201172,-93.0,0.03160357475280762
246,16.725,3.0,dummy,1.0,1.0,95.46980353138723,1.0,-84.0,0.00815129280090332,-32.0,0.01148676872253418,-89.0,0.008507490158081055,-152.0,0.010689973831176758,-40.0,0.03130292892456055
247,16.7625,3.0,dummy,1.0,1.0,95.6386288468785,1.0,40.0,0.008176326751708984,102.0,0.01153874397277832,46.0,0.008472681045532227,43.0,0.01040339469909668,95.0,0.03148078918457031
248,16.8,3.0,dummy,1.0,1.0,95.80012270789521,1.0,-170.0,0.009279251098632812,90.0,0.01062917709350586,92.0,0.008776426315307617,91.0,0.011647939682006836,96.00000000000001,0.030802011489868164
249,16.8375,3.0,dummy,1.0,1.0,95.92082851978097,1.0,93.0,0.008812665939331055,93.0,0.011539459228515625,94.0,0.007645606994628906,94.0,0.01145172119140625,94.0,0.03161334991455078
250,16.875,3.0,dummy,1.0,1.0,96.03165152235417,1.0,-94.0,0.008975505828857422,-96.00000000000001,0.01081085205078125,94.0,0.008743524551391602,94.0,0.011293411254882812,95.0,0.030730485916137695
251,16.9125,3.0,dummy,1.0,1.0,96.15517882921962,1.0,-95.0,0.008355379104614258,-93.0,0.011372566223144531,-95.0,0.008191585540771484,-94.0,0.011467695236206055,94.0,0.031958818435668945
252,16.95,3.0,dummy,1.0,1.0,96.24346448814892,1.0,-93.0,0.008360624313354492,-97.0,0.012269973754882812,-98.0,0.007677793502807617,-95.0,0.012032032012939453,94.0,0.03134465217590332
253,16.9875,3.0,dummy,1.0,1.0,96.32461828166363,1.0,-10.0,0.008973121643066406,51.0,0.011502742767333984,-100.0,0.007699489593505859,-98.0,0.011596918106079102,-94.0,0.031526803970336914
254,17.025,3.0,dummy,1.0,1.0,96.41871425235155,1.0,-1.0,0.009015560150146484,-49.0,0.010603666305541992,-101.0,0.008671998977661133,-1.0,0.010657072067260742,-91.0,0.03175544738769531
255,17.0625,3.0,dummy,1.0,1.0,96.5067132939226,1.0,92.0,0.008220911026000977,-168.0,0.011686563491821289,-93.0,0.008747577667236328,-92.0,0.010742425918579102,-93.0,0.03282928466796875
256,17.1,3.0,dummy,1.0,1.0,96.57360129582386,1.0,78.0,0.008183479309082031,-171.0,0.011394977569580078,-177.0,0.007767677307128906,-172.0,0.0113525390625,-2.0,0.031212806701660156
257,17.1375,3.0,dummy,1.0,1.0,96.65367638577982,1.0,84.0,0.00900578498840332,-167.0,0.010821104049682617,-3.0000000000000004,0.009389638900756836,-2.0,0.011683464050292969,-105.00000000000001,0.03162407875061035
258,17.175,3.0,dummy,1.0,1.0,96.71563379149528,1.0,89.0,0.009000778198242188,-95.0,0.010970115661621094,-98.0,0.008725643157958984,-95.0,0.011293649673461914,-73.0,0.03141903877258301
259,17.2125,3.0,dummy,1.0,1.0,96.77635158239215,1.0,-90.0,0.009006261825561523,-70.0,0.010710954666137695,-177.0,0.008491039276123047,-93.0,0.01063847541809082,-104.0,0.031159639358520508
260,17.25,3.0,dummy,1.0,1.0,96.85132459427525,1.0,-92.0,0.009122848510742188,32.0,0.01053309440612793,98.0,0.010535240173339844,98.0,0.011584281921386719,101.0,0.03177523612976074
261,17.2875,3.0,dummy,1.0,1.0,96.92638336877619,1.0,90.0,0.008262395858764648,86.0,0.011651277542114258,98.0,0.008381128311157227,98.0,0.010581254959106445,99.0,0.03168845176696777
262,17.325,3.0,dummy,1.0,1.0,96.987692521476,1.0,76.0,0.008494377136230469,96.00000000000001,0.011864185333251953,97.0,0.007700920104980469,100.0,0.011555910110473633,98.0,0.03186607360839844
263,17.3625,3.0,dummy,1.0,1.0,97.05171765335389,1.0,100.0,0.009099960327148438,-108.0,0.011194944381713867,96.00000000000001,0.008045434951782227,101.0,0.011529684066772461,97.0,0.03153228759765625
264,17.4,3.0,dummy,1.0,1.0,97.13855418995843,1.0,-33.0,0.008990049362182617,-37.0,0.01095438003540039,59.99999999999999,0.008509397506713867,59.00000000000001,0.011528491973876953,95.0,0.03380727767944336
265,17.4375,3.0,dummy,1.0,1.0,97.23660111318068,1.0,-29.999999999999996,0.00896906852722168,-45.0,0.010850667953491211,-49.0,0.008579492568969727,-45.0,0.011490821838378906,-48.00000000000001,0.03173398971557617
266,17.475,3.0,dummy,1.0,1.0,97.32516551794498,1.0,-139.0,0.009076833724975586,1.0,0.010619163513183594,-49.0,0.008520126342773438,2.0,0.011265039443969727,-177.0,0.030734539031982422
267,17.5125,3.0,dummy,1.0,1.0,97.4234880824959,1.0,-66.0,0.008976459503173828,-70.0,0.011676549911499023,-35.0,0.00761723518371582,-37.0,0.011449575424194336,-20.0,0.03157377243041992
268,17.55,3.0,dummy,1.0,1.0,97.5596697724689,1.0,-68.0,0.008987665176391602,0.0,0.010736703872680664,-65.0,0.008675336837768555,-74.0,0.011470317840576172,-70.0,0.030456066131591797
269,17.5875,3.0,dummy,1.0,1.0,97.70881485821702,1.0,-104.0,0.008819103240966797,-109.0,0.010784387588500977,-105.00000000000001,0.008410215377807617,-108.0,0.010581493377685547,101.0,0.03142094612121582
270,17.625,3.0,dummy,1.0,1.0,97.83582137640575,1.0,-47.0,0.008118629455566406,34.0,0.011689424514770508,99.0,0.008568525314331055,32.0,0.010743141174316406,99.0,0.031435251235961914
271,17.6625,3.0,dummy,1.0,1.0,97.96866868371302,1.0,-76.0,0.008929967880249023,-73.0,0.010760784149169922,99.0,0.008531570434570312,99.0,0.010651350021362305,100.0,0.03134036064147949
272,17.7,3.0,dummy,1.0,1.0,98.14304410901863,1.0,98.0,0.008344411849975586,-9.0,0.011337995529174805,-1.0,0.008583545684814453,-7.0,0.01056981086730957,100.0,0.031473636627197266
273,17.7375,3.0,dummy,1.0,1.0,98.32903873586,1.0,33.0,0.008332490921020508,-12.000000000000002,0.011556863784790039,-5.0,0.00803375244140625,3.0000000000000004,0.012320518493652344,98.0,0.033211469650268555
274,17.775,3.0,dummy,1.0,1.0,98.4894123828037,1.0,-137.0,0.008236885070800781,-163.0,0.011589765548706055,-1.0,0.00765681266784668,-1.0,0.011471271514892578,-100.0,0.03160715103149414
275,17.8125,3.0,dummy,1.0,1.0,98.66331998154786,1.0,-103.0,0.00819253921508789,167.0,0.011497735977172852,-3.0000000000000004,0.007788419723510742,-8.0,0.011634111404418945,-135.0,0.03156161308288574
276,17.85,3.0,dummy,1.0,1.0,98.90381623719243,1.0,152.0,0.008180379867553711,-109.0,0.011557579040527344,-149.0,0.007784605026245117,-31.0,0.011895179748535156,-140.0,0.03206896781921387
277,17.8875,3.0,dummy,1.0,1.0,99.17340687069823,1.0,-179.0,0.008186817169189453,-97.0,0.011664390563964844,-127.00000000000001,0.0076563358306884766,-122.0,0.011033773422241211,-2.0,0.03155994415283203
278,19.5375,3.0,dummy,1.0,1.0,110.03307971249004,1.0,112.0,0.008895635604858398,108.0,0.010729551315307617,111.0,0.008731842041015625,110.0,0.010346174240112305,108.0,0.031801462173461914
279,19.575,3.0,dummy,1.0,1.0,110.32962659589609,1.0,105.00000000000001,0.008180618286132812,108.0,0.011549234390258789,109.0,0.007674217224121094,109.0,0.011392354965209961,110.0,0.0316624641418457
280,19.6125,3.0,dummy,1.0,1.0,110.61984572187353,1.0,117.0,0.008147954940795898,143.0,0.011416435241699219,108.0,0.007646083831787109,108.0,0.011474847793579102,108.0,0.031824588775634766
281,19.65,3.0,dummy,1.0,1.0,110.96467153380931,1.0,108.0,0.008781671524047852,155.0,0.01261448860168457,106.0,0.008990764617919922,105.00000000000001,0.010898590087890625,108.0,0.03173422813415527
282,19.6875,3.0,dummy,1.0,1.0,111.28009733115232,1.0,108.0,0.009093523025512695,109.0,0.010567188262939453,107.0,0.008395671844482422,109.0,0.011250972747802734,107.0,0.03119683265686035
283,19.725,3.0,dummy,1.0,1.0,111.50684343697567,1.0,106.0,0.00905299186706543,-16.0,0.010861635208129883,106.0,0.008481264114379883,108.0,0.011181354522705078,107.0,0.03076910972595215
284,19.7625,3.0,dummy,1.0,1.0,111.75689326354542,1.0,-106.0,0.008279085159301758,-112.0,0.011476755142211914,110.0,0.008058786392211914,-111.0,0.012601375579833984,110.0,0.0316014289855957
285,19.8,3.0,dummy,1.0,1.0,111.93198743707916,1.0,-108.0,0.008216619491577148,-111.0,0.011435747146606445,109.0,0.008630752563476562,-108.0,0.010656356811523438,107.0,0.03151655197143555
286,19.8375,3.0,dummy,1.0,1.0,112.08813991877864,1.0,107.0,0.008181095123291016,-107.0,0.012885570526123047,109.0,0.008667469024658203,-107.0,0.010723352432250977,109.0,0.03195810317993164
287,19.875,3.0,dummy,1.0,1.0,112.26226539778423,1.0,-32.0,0.008252620697021484,-106.0,0.012844324111938477,107.0,0.008748292922973633,-106.0,0.010386466979980469,108.0,0.03174304962158203
288,19.9125,3.0,dummy,1.0,1.0,112.41901044102737,1.0,110.0,0.008995771408081055,-41.0,0.010672569274902344,111.0,0.008641242980957031,111.0,0.010706186294555664,-105.00000000000001,0.03141427040100098
289,19.95,3.0,dummy,1.0,1.0,112.56251585057198,1.0,101.0,0.008273124694824219,-13.0,0.010665416717529297,108.0,0.008396387100219727,109.0,0.010779619216918945,108.0,0.03293323516845703
290,19.9875,3.0,dummy,1.0,1.0,112.66851713324118,1.0,105.00000000000001,0.009070873260498047,104.0,0.010586738586425781,106.0,0.008632183074951172,105.00000000000001,0.011404752731323242,106.0,0.03074193000793457
291,20.025,3.0,dummy,1.0,1.0,112.7886762748696,1.0,-105.00000000000001,0.008965730667114258,-5.0,0.010484695434570312,106.0,0.008604288101196289,107.0,0.01134634017944336,106.0,0.03069305419921875
292,20.0625,3.0,dummy,1.0,1.0,112.87324709158027,1.0,-48.00000000000001,0.008907794952392578,-44.0,0.010710000991821289,105.00000000000001,0.008591890335083008,107.0,0.011389493942260742,107.0,0.03374457359313965
293,20.1,3.0,dummy,1.0,1.0,112.96289486941711,1.0,106.0,0.00892949104309082,-4.0,0.01130986213684082,106.0,0.007572174072265625,106.0,0.01130056381225586,107.0,0.03178811073303223
294,20.1375,3.0,dummy,1.0,1.0,113.00808518013831,1.0,-96.00000000000001,0.008991241455078125,153.0,0.011409282684326172,-158.0,0.007942438125610352,-156.0,0.011435747146606445,107.0,0.0317234992980957
295,20.175,3.0,dummy,1.0,1.0,113.07061040750793,1.0,-20.0,0.00898599624633789,165.0,0.011462688446044922,-159.0,0.007822990417480469,-158.0,0.011276006698608398,-173.0,0.031644582748413086
296,20.2125,3.0,dummy,1.0,1.0,113.12128515533055,1.0,153.0,0.008315324783325195,150.0,0.011531829833984375,-105.00000000000001,0.008000850677490234,-109.0,0.012719869613647461,-106.0,0.03142571449279785
297,20.25,3.0,dummy,1.0,1.0,113.16731357065423,1.0,140.0,0.008328914642333984,105.00000000000001,0.011452436447143555,114.00000000000001,0.00858926773071289,-113.0,0.01063680648803711,-111.0,0.032015323638916016
298,20.2875,3.0,dummy,1.0,1.0,113.20678368108803,1.0,117.0,0.008948564529418945,112.0,0.010725259780883789,-117.0,0.008408069610595703,-116.00000000000001,0.011385440826416016,-116.00000000000001,0.03075432777404785
299,20.325,3.0,dummy,1.0,1.0,113.26681271312289,1.0,116.00000000000001,0.008332014083862305,-103.0,0.01128840446472168,-107.0,0.008580684661865234,-109.0,0.010581731796264648,-63.0,0.031598806381225586
300,20.5875,3.0,dummy,1.0,1.0,114.01890681057296,1.0,171.0,0.009027719497680664,-101.0,0.010725736618041992,104.0,0.008441448211669922,-40.0,0.01131582260131836,-162.0,0.03076624870300293
301,20.625,3.0,dummy,1.0,1.0,114.14300958790108,1.0,168.0,0.008993864059448242,-99.0,0.011369705200195312,105.00000000000001,0.007927894592285156,107.0,0.01151275634765625,107.0,0.031696319580078125
302,20.6625,3.0,dummy,1.0,1.0,114.26987201008684,1.0,107.0,0.008188724517822266,121.0,0.011284351348876953,110.0,0.007827997207641602,111.0,0.011461496353149414,-108.0,0.0315556526184082
303,20.7,3.0,dummy,1.0,1.0,114.46360420555929,1.0,159.0,0.008913278579711914,116.00000000000001,0.010740280151367188,111.0,0.008580923080444336,111.0,0.01143503189086914,110.0,0.030596256256103516
304,20.7375,3.0,dummy,1.0,1.0,114.59223367687086,1.0,116.00000000000001,0.009059906005859375,115.0,0.010663032531738281,112.0,0.008527517318725586,115.0,0.010891914367675781,110.0,0.030897140502929688
305,20.775,3.0,dummy,1.0,1.0,114.74723977376566,1.0,105.00000000000001,0.009276151657104492,101.0,0.010941267013549805,105.00000000000001,0.010010242462158203,101.0,0.011769533157348633,111.0,0.031470298767089844
306,20.8125,3.0,dummy,1.0,1.0,114.86307516518836,1.0,103.0,0.008237361907958984,104.0,0.011172056198120117,103.0,0.007968902587890625,101.0,0.011511087417602539,113.0,0.0318140983581543
307,20.85,3.0,dummy,1.0,1.0,114.96974654229939,1.0,-98.0,0.008261919021606445,-97.0,0.013011693954467773,-96.00000000000001,0.008730649948120117,-96.00000000000001,0.010791540145874023,-129.0,0.03156137466430664
308,20.8875,3.0,dummy,1.0,1.0,115.06677740533172,1.0,-81.0,0.008945703506469727,-87.0,0.011801004409790039,-87.0,0.0077016353607177734,-88.0,0.01123499870300293,-93.0,0.03209519386291504
309,20.925,3.0,dummy,1.0,1.0,115.17419536132026,1.0,131.0,0.009102344512939453,134.0,0.011580228805541992,108.0,0.007927179336547852,112.0,0.011473417282104492,-100.0,0.03248143196105957
310,20.9625,3.0,dummy,1.0,1.0,115.26388991336911,1.0,107.0,0.008303642272949219,-102.0,0.01151418685913086,-101.0,0.007706880569458008,-103.0,0.01149439811706543,-104.0,0.03138613700866699
311,21.0,3.0,dummy,1.0,1.0,115.33084623130895,1.0,-79.0,0.008233308792114258,-85.0,0.011518239974975586,-101.0,0.007848739624023438,-86.0,0.011506080627441406,-107.0,0.031688690185546875
312,21.0375,3.0,dummy,1.0,1.0,115.36470907740309,1.0,-85.0,0.008162498474121094,-82.0,0.01139211654663086,-86.0,0.007855415344238281,-86.0,0.011471748352050781,-108.0,0.03131437301635742
313,21.075,3.0,dummy,1.0,1.0,115.38089220816495,1.0,-81.0,0.008123397827148438,-87.0,0.011620044708251953,-87.0,0.007576465606689453,-86.0,0.011814594268798828,-81.0,0.03231525421142578
314,21.1125,3.0,dummy,1.0,1.0,115.374138606929,1.0,-75.0,0.009001493453979492,-75.0,0.010858774185180664,-76.0,0.008696317672729492,-76.0,0.010651588439941406,-43.0,0.031823158264160156
315,21.15,3.0,dummy,1.0,1.0,115.35240082070717,1.0,-91.0,0.009122848510742188,-29.000000000000004,0.011507511138916016,-146.0,0.007913351058959961,-54.0,0.011388301849365234,-47.0,0.03192424774169922
316,21.1875,3.0,dummy,1.0,1.0,115.3086273011881,1.0,-23.0,0.00830221176147461,-80.0,0.011507749557495117,-48.00000000000001,0.007891178131103516,-46.0,0.011060953140258789,-45.0,0.031725168228149414
317,21.225,3.0,dummy,1.0,1.0,115.26375837549057,1.0,-26.0,0.008284568786621094,-22.0,0.011290550231933594,-50.0,0.007735013961791992,-41.0,0.01137089729309082,-45.0,0.03174638748168945
318,21.2625,3.0,dummy,1.0,1.0,115.19856447990527,1.0,145.0,0.009599924087524414,-94.0,0.012247562408447266,-55.0,0.008567571640014648,-54.0,0.012499332427978516,-45.0,0.03223133087158203
319,22.275,3.0,dummy,1.0,1.0,107.38563071226821,1.0,104.0,0.00834345817565918,103.0,0.011562347412109375,103.0,0.007814407348632812,103.0,0.011391401290893555,106.0,0.03149080276489258
320,22.3125,3.0,dummy,1.0,1.0,107.08298144743031,1.0,26.0,0.008354425430297852,22.0,0.011477231979370117,102.0,0.007643461227416992,103.0,0.011234045028686523,105.00000000000001,0.03141140937805176
321,22.35,3.0,dummy,1.0,1.0,106.79320052711451,1.0,17.0,0.00895547866821289,22.0,0.010511636734008789,103.0,0.008577346801757812,104.0,0.011368989944458008,104.0,0.031572580337524414
322,22.3875,3.0,dummy,1.0,1.0,106.51787351640695,1.0,9.0,0.009099483489990234,-20.0,0.011406183242797852,102.0,0.007809877395629883,-103.0,0.011384248733520508,100.0,0.03151273727416992
323,22.425,3.0,dummy,1.0,1.0,106.13395396204574,1.0,0.0,0.009704351425170898,-9.0,0.010643720626831055,-102.0,0.008643627166748047,-103.0,0.010677814483642578,-100.0,0.03156328201293945
324,22.4625,3.0,dummy,1.0,1.0,105.89737237725252,1.0,-83.0,0.008894681930541992,-18.0,0.011483192443847656,-1.0,0.007880926132202148,-12.000000000000002,0.011464595794677734,-99.0,0.03163456916809082
325,22.5,3.0,dummy,1.0,1.0,105.67524092500987,1.0,84.0,0.008167743682861328,84.0,0.011656045913696289,-1.0,0.008395671844482422,-4.0,0.011965513229370117,95.0,0.031419992446899414
326,22.5375,3.0,dummy,1.0,1.0,105.41583930619318,1.0,-92.0,0.009106159210205078,29.000000000000004,0.010488748550415039,93.0,0.008625030517578125,93.0,0.010751485824584961,95.0,0.03165912628173828
327,22.575,3.0,dummy,1.0,1.0,105.22156761992035,1.0,96.00000000000001,0.008269548416137695,-89.0,0.01152944564819336,96.00000000000001,0.008011341094970703,97.0,0.011523962020874023,95.0,0.03217434883117676
328,22.6125,3.0,dummy,1.0,1.0,104.994279559493,1.0,97.0,0.009087324142456055,-89.0,0.010421991348266602,96.00000000000001,0.008631706237792969,-1.0,0.011384725570678711,-95.0,0.031238079071044922
329,22.65,3.0,dummy,1.0,1.0,104.82453346693431,1.0,-38.0,0.009778261184692383,-6.000000000000001,0.011781454086303711,-93.0,0.007822990417480469,-43.0,0.011550188064575195,-95.0,0.031798362731933594
330,22.6875,3.0,dummy,1.0,1.0,104.66548444529742,1.0,-72.0,0.009145498275756836,-70.0,0.010817766189575195,-50.0,0.008473873138427734,-52.0,0.011520862579345703,-96.00000000000001,0.03071737289428711
331,22.725,3.0,dummy,1.0,1.0,104.44773830983804,1.0,-104.0,0.008930206298828125,-57.00000000000001,0.011610984802246094,-43.0,0.007847785949707031,-53.0,0.01139521598815918,-92.0,0.0317690372467041
332,22.7625,3.0,dummy,1.0,1.0,104.317290867557,1.0,-108.0,0.008482217788696289,-84.0,0.011389970779418945,-88.0,0.007818222045898438,-89.0,0.011478662490844727,-92.0,0.03183937072753906
333,22.8,3.0,dummy,1.0,1.0,104.17141441886734,1.0,-179.0,0.009080171585083008,118.00000000000001,0.010624408721923828,-88.0,0.008678913116455078,-178.0,0.011440753936767578,-99.0,0.030852317810058594
334,22.8375,3.0,dummy,1.0,1.0,104.06815462760588,1.0,-165.0,0.008294820785522461,102.0,0.011402368545532227,101.0,0.008693218231201172,101.0,0.010441303253173828,101.0,0.0314028263092041
335,22.875,3.0,dummy,1.0,1.0,103.99802439641681,1.0,101.0,0.009196996688842773,170.0,0.011750221252441406,100.0,0.0077533721923828125,102.0,0.011608362197875977,100.0,0.031813621520996094
336,22.9125,3.0,dummy,1.0,1.0,103.87465345234612,1.0,98.0,0.008297920227050781,97.0,0.011959314346313477,98.0,0.008717060089111328,97.0,0.010747194290161133,99.0,0.03159141540527344
337,22.95,3.0,dummy,1.0,1.0,103.78763345118321,1.0,48.00000000000001,0.008941650390625,47.0,0.01047658920288086,-93.0,0.008688926696777344,-93.0,0.011398077011108398,97.0,0.030454158782958984
338,22.9875,3.0,dummy,1.0,1.0,103.728125441477,1.0,48.00000000000001,0.009044647216796875,47.0,0.01130986213684082,48.00000000000001,0.008002281188964844,47.0,0.011493921279907227,-48.00000000000001,0.031777143478393555
339,23.025,3.0,dummy,1.0,1.0,103.66582338908884,1.0,49.0,0.008213996887207031,-47.0,0.011301517486572266,-47.0,0.007657289505004883,-47.0,0.011197805404663086,-49.0,0.03188896179199219
340,23.0625,3.0,dummy,1.0,1.0,103.62412084067043,1.0,-36.0,0.009346723556518555,-8.0,0.010756731033325195,-43.0,0.008378982543945312,-43.0,0.010720491409301758,-48.00000000000001,0.03158760070800781
341,23.1,3.0,dummy,1.0,1.0,103.5876771982736,1.0,-92.0,0.00842428207397461,-160.0,0.011399507522583008,-56.0,0.007862329483032227,-91.0,0.01142430305480957,-92.0,0.03144955635070801
342,23.1375,3.0,dummy,1.0,1.0,103.55479286153569,1.0,-83.0,0.008477449417114258,-89.0,0.011379718780517578,91.0,0.008308172225952148,-90.0,0.010553121566772461,93.0,0.03175687789916992
343,23.175,3.0,dummy,1.0,1.0,103.51685307454211,1.0,85.0,0.009037971496582031,-26.0,0.010632514953613281,0.0,0.008619546890258789,0.0,0.011408090591430664,94.0,0.031366825103759766
344,23.2125,3.0,dummy,1.0,1.0,103.48079268970876,1.0,-94.0,0.008459806442260742,-7.0,0.012157917022705078,91.0,0.010664939880371094,-90.0,0.010718584060668945,-131.0,0.03164196014404297
